name,email,password,address,city
Madge Reeves,tolun@falukeero.ca,password,583 Zewel Ridge,Tecefrot
Elijah Williams,hatfovra@sav.aq,password,1068 Peboda Court,Cinicle
Leona Alvarado,paha@lubnovvof.pm,password,1250 Ahbu Square,Detucfi
Cameron Watson,baore@jeliof.re,password,1473 Tonlu Extension,Uhtijnoj
Rosa Colon,mos@emora.by,password,466 Utuva Plaza,Rudsiis
Nancy Rodriquez,atu@izija.it,password,1337 Hozo Square,Siihejon
Emily Saunders,lelitu@gahiw.cg,password,81 Omugi Center,Diowdom
Leona Becker,weof@vofrethum.mr,password,1146 Cavow Path,Cahatage
Nicholas Johnston,ju@bazeti.hr,password,369 Jazpu Boulevard,Itkebse
Charlie Brooks,awidiak@degnarju.aw,password,713 Powbo Grove,Ginajove
Maggie Thomas,tug@ra.so,password,1600 Silat Center,Vouklu
Laura Medina,ehlato@nuwep.lc,password,270 Apamu Court,Bitkejge
Lawrence Ortega,nu@evere.cr,password,394 Webe River,Uhajji
Catherine Bowman,weowu@geehadu.eu,password,1114 Kostuw Ridge,Zacaksuk
Lottie Dennis,wejhog@ba.ke,password,616 Toznu Point,Ziuleto
Estelle Phillips,ba@dosvajcon.id,password,801 Wuzav River,Puhzoget
Catherine Lawson,cagag@diblefihu.bf,password,829 Amli Manor,Onegenme
Hulda Hernandez,gowuwdiz@zolvuar.io,password,1326 Fucmus Loop,Wiwessu
Nancy Dean,obi@turzezo.hr,password,1698 Izam Loop,Bucezgo
Kate May,rurrita@huf.cl,password,800 Barkaw View,Peleig
Marie Lowe,jibmu@kemema.so,password,1709 Suwo Loop,Vujineobe
Gerald Anderson,ifdunfug@cebet.ph,password,1340 Sotji Point,Dabelod
Hannah Dennis,ze@kearo.mm,password,1482 Egtu Boulevard,Tatgabap
Patrick Cannon,orate@voda.at,password,902 Dabej Drive,Tacokuh
Henrietta Salazar,uhge@uge.af,password,1885 Jasgec Avenue,Zibulju
Josie Silva,bu@bidanac.er,password,1869 Ideju Road,Ahjujcit
Mathilda Jordan,kuvdate@rem.bd,password,1047 Wegsa Mill,Atomdu
Robert Ortega,uza@memsefa.gq,password,1350 Wapam Glen,Rikomami
Ray Erickson,ci@zeug.ee,password,1738 Uraku Boulevard,Kauhah
Genevieve Hall,gatfarek@feb.mt,password,1766 Jozdo Key,Jozfaaj
Don Clark,zuwseraz@tafrulod.il,password,557 Redufa Grove,Sefzajhu
Curtis Perkins,la@le.bg,password,1843 Vocve Park,Voruuba
Agnes Wilkerson,sodacor@siige.gh,password,942 Fiho Court,Dehabigo
Lois Cortez,vatve@fekuh.gl,password,389 Ekpi Heights,Nirimerah
Nettie Sanders,gubemel@zih.nr,password,1783 Wowo Mill,Jevnejom
Katherine Robertson,gitiril@ab.hk,password,320 Ucopoc Turnpike,Losodone
Mina Sanchez,roh@cikuvwe.mw,password,522 Akueta Terrace,Opumupvu
Anthony Maxwell,uje@nad.me,password,1369 Tero Circle,Zeefihe
Carl Klein,da@gukala.kr,password,1847 Gofi Boulevard,Fatmoka
Mamie Ryan,hacwu@filok.pm,password,1234 Jukje Court,Itsomva
Eula Stevens,gesi@wobwug.dk,password,909 Umoh Extension,Cajucug
Lou Howard,me@zu.fi,password,162 Raeb Trail,Kigzuwgak
Cornelia Lamb,gaem@sidepac.sl,password,1497 Fupu Loop,Esacudduv
Jesse Gill,ize@vaz.nl,password,924 Naput Path,Wikuzup
Birdie Hamilton,zolut@ner.fo,password,265 Cowev Pass,Kekiezo
Nancy Riley,nuwtup@jogcit.gn,password,1198 Talun Extension,Bazipamot
Roger Curry,ipo@tomto.mz,password,1423 Cerloh Plaza,Ciicasej
Ronald Haynes,awline@guzu.sa,password,1533 Saron Place,Iloruwgov
Lida Lyons,gon@ok.is,password,1501 Cucwo Junction,Cowekju
Johnny Estrada,bi@holabo.ao,password,1623 Lousa Road,Jobosje
Christopher Rios,dudi@ajezejla.fk,password,1389 Cimpuf Square,Hasegior
Isaac Pena,apu@ivwif.ss,password,129 Merja Lane,Nolpeuc
Zachary Blair,rojan@pe.ne,password,1193 Empov Parkway,Duhoma
Rosetta Lowe,feiru@guhive.jm,password,127 Neozu Grove,Bicalob
Belle Hawkins,gadov@va.lc,password,173 Wanen Boulevard,Kidopno
Jeremy Black,ediguvud@feto.lc,password,44 Kumbik Place,Mawewajet
Alfred Phillips,vig@du.mq,password,1998 Siwta Street,Butelof
Connor Gilbert,uzvol@meb.bd,password,1755 Vaje Glen,Turijrep
Eugene Lamb,sujwihih@ow.fk,password,1624 Ozuvin Pike,Bofvail
Tommy Barton,babnuze@pumhum.je,password,173 Kilwo Square,Bitabe
Alfred Norris,ra@iluima.kz,password,900 Votjo Park,Fugvukca
Connor Bowers,selemte@sownari.ng,password,1449 Campip Point,Kafeeno
Lucinda Montgomery,tahonkan@leomi.mg,password,1617 Zevij Glen,Izafecej
Jose Bowman,sete@omohe.gl,password,1179 Ecup Key,Saonocu
Charlie Pope,ortogoz@butkelivo.kp,password,1342 Kumud Terrace,Dauvbaz
Amanda Sandoval,ti@gegpaz.vu,password,660 Zoheju Grove,Kamulepa
Ann Daniel,ew@elikup.mq,password,423 Sofa Boulevard,Jivrokwol
Tillie Phelps,sir@gazjiniz.sg,password,784 Irdab Grove,Owhinmaz
Elsie Wolfe,uzoko@vuwib.cr,password,15 Luku Place,Wavadal
Estelle Howard,fadenbah@ti.as,password,8 Vidpo Center,Revajokat
Vernon Mendez,hinrasope@oz.mw,password,1754 Hahbag Square,Tamirodi
Lucas Rogers,duj@ug.ba,password,199 Gozi Plaza,Zemahmo
Logan Ramirez,ob@kudogu.sy,password,871 Isoha Mill,Pufmula
Brandon Aguilar,bev@takug.pm,password,1922 Zoja Pike,Hogiface
Rose Harvey,wen@ganmepo.org,password,315 Basod Pike,Zagzaggo
Mason Lyons,san@eb.uk,password,182 Rele Street,Uviarag
Helena Osborne,pommevgat@vewvo.it,password,1272 Sousu Point,Osugne
Katharine Young,egouv@namahdi.bn,password,138 Cuzudi Mill,Joibesig
Leroy Hopkins,ri@kuj.cf,password,250 Fofhi Pike,Givutko
Mayme Ballard,nokdizbiw@alo.de,password,1368 Zimev Turnpike,Lijitem
Lena Frank,ezma@zaw.fk,password,126 Waba Path,Dowekdet
Sylvia Garcia,ponme@omju.rs,password,1278 Wini Glen,Dadjuvdan
Mathilda Morgan,wepegbec@nag.dz,password,424 Nethop Center,Lurbampe
May Walker,ewu@rosfi.so,password,1745 Boube Trail,Posupwel
Janie Vega,abe@har.gw,password,748 Cepor Junction,Rigagta
Violet Harris,metefi@zarge.sm,password,1983 Rasrun Plaza,Walumub
Jim Bass,dilga@guga.kw,password,643 Kuure Street,Fovdavac
Danny Robinson,jalisget@min.ly,password,1805 Bobi Avenue,Moriup
Curtis Caldwell,awafa@odaufawim.bo,password,1029 Tofen Plaza,Doecgo
Sarah Arnold,gof@ezaulu.dk,password,280 Viuh Point,Liunaici
Daniel Richards,em@sochucbe.do,password,1702 Inoidi Lane,Nuzirwar
Lucille Flowers,zemot@ja.ba,password,713 Piapi Park,Nadsenzan
Mitchell Wilkins,oco@fifo.dj,password,1310 Metki Highway,Iljukef
Gary Figueroa,sa@kikto.sr,password,699 Witlu Extension,Fobesen
Birdie Thompson,bukhuvig@igema.ac,password,155 Osez Manor,Hufahi
Jason Walsh,udo@napcelga.ai,password,1669 Sigro Ridge,Nutuglez
Ada Grant,norfif@lekcusom.gs,password,327 Wamcav Point,Esdutebi
Travis Buchanan,fibembil@bim.sd,password,1543 Teoc Terrace,Ibilodwe
Nicholas Mills,fav@ajarowu.mk,password,1449 Pegaj Place,Fuuderid
Eliza Barnes,omatifan@bennase.ma,password,618 Odale Grove,Asutotga
Jay Curtis,kecge@wiveped.bz,password,1855 Haed Pass,Kiphugu
Nora Griffith,pu@riccuj.dk,password,644 Dili Point,Vuwief
Brent Rowe,liji@reg.na,password,1457 Acehu Highway,Zanzicep
Benjamin Coleman,zozgav@wasidofi.hk,password,1826 Emja View,Amihekfud
Wayne Moran,get@map.km,password,658 Kamcal Ridge,Nuagueca
Arthur Greene,ra@kafojvoc.tk,password,964 Cuhuju Path,Laphugde
Virgie Bass,ema@pohipros.se,password,1916 Lusu Ridge,Ejevesas
Amanda Barnes,amlok@av.mq,password,409 Vibeko Pike,Siikfin
Gerald Jefferson,ando@defduvha.vi,password,1493 Udepuk Path,Kirosieno
Nancy Burke,tades@lifiujo.kp,password,983 Kiodu Highway,Hasosof
Elmer Herrera,iv@go.ke,password,612 Zedhu Extension,Ciarulu
Rena Pope,cicbe@erualne.as,password,1632 Vifju Path,Wuvokju
Jane Harrison,actu@bais.ao,password,915 Wogud Pike,Ibbisab
Violet Kennedy,utzen@sicarhu.tn,password,1191 Muubu Highway,Vushilim
Bill Barrett,pemgos@wa.fk,password,879 Sufeh Street,Fazekov
Vernon Brock,aravod@or.bm,password,959 Omaj Avenue,Zuborfa
Harvey Ellis,icvaale@vigizebis.il,password,491 Otacid Mill,Cidueb
Winifred Guerrero,apu@saje.pa,password,838 Hojcaf Pass,Wofonsi
Jayden Byrd,zolrici@dohikak.cd,password,170 Cojizi Pass,Pivowas
Chase Tyler,pun@suhnuh.vg,password,1598 Regih Manor,Poigobi
Ola Harvey,larkodjem@hegman.cd,password,1186 Dunvi Circle,Baahika
Abbie Hill,kecrafer@wab.ly,password,1254 Kopden Way,Buhugde
Tyler Harvey,wo@onowopti.gr,password,834 Ginlu Extension,Gejpuped
Harvey Henderson,da@sigrotem.az,password,728 Isajef Street,Otawasu
Jay Schmidt,najra@vop.je,password,847 Tesir Avenue,Beraklof
Lester Potter,pagu@rasvutaz.qa,password,1439 Ciubo Mill,Sogobub
Kyle Bass,kurdam@tu.ph,password,329 Vecu Terrace,Roviufi
Aiden Lucas,suk@wobkaptuh.org,password,872 Ruga Path,Ogibuhkoj
Glenn Hogan,gavroh@rieszaj.bw,password,1946 Bidat Grove,Gedekzog
Jeanette Garcia,marog@ve.so,password,1294 Emuce Glen,Joghuaj
Nannie Bridges,paju@oro.cr,password,1270 Nebce Court,Sofniiw
Estelle Reeves,zumucbu@wim.lc,password,1987 Mega Road,Jizviho
Eva Harris,jevegno@ni.hk,password,1945 Weli River,Elievesad
Nina Robbins,ti@sepe.sv,password,1530 Eclu Lane,Coumori
Russell Byrd,hov@eho.hm,password,1288 Nari Way,Cembezu
Sara Davis,puvoh@mo.dk,password,1947 Wugur Heights,Jiibimi
Ollie McDonald,hi@cum.cr,password,1720 Inutib Park,Kaloom
Fannie Mack,jawal@cehaf.sh,password,546 Guzew Pass,Gowugudo
Mable Reyes,ejeamutif@befciebo.sk,password,93 Cepi Park,Akewebac
Georgie Haynes,olki@daclunaf.ie,password,176 Bazo Mill,Tebere
Douglas Barton,keksog@vuodji.lt,password,282 Fohwil Circle,Goefka
Louisa Morgan,da@iha.vc,password,1736 Siwu Glen,Deknobuw
Roxie Mullins,gupku@dan.tw,password,700 Vise Highway,Hesocis
Augusta Obrien,aca@amuneke.sz,password,125 Gospoz Terrace,Egkukga
Gerald Hughes,janalvu@cujvanke.vc,password,1101 Lunug Manor,Zufzinhi
Marian Beck,kam@aw.cf,password,1356 Piku View,Rijihge
Stella Green,ud@hiztogov.om,password,940 Afuog Square,Etofetnu
Miguel James,difocacu@tegpuw.ye,password,1767 Veef Center,Duhacgoz
Douglas Davis,fiz@wuunaw.bv,password,28 Jempi Turnpike,Pahenbe
Lois Barker,vassef@ife.gs,password,323 Dekwar River,Meggidpu
Willie Osborne,hec@ne.it,password,750 Upgi Square,Konginmek
Jerry Tran,elko@uwcezwad.hn,password,1356 Paig Manor,Jutsunci
Effie Valdez,zav@gobod.mu,password,1278 Buvej Turnpike,Fozori
Maude Peterson,fesga@kebfec.ni,password,1632 Ebota Turnpike,Guzafwo
Cole Phelps,kolwoot@fod.ky,password,828 Modod Center,Inukju
Angel Bishop,bi@geukuze.pk,password,717 Esain Terrace,Tivejjef
Augusta Wagner,laclure@nu.jm,password,376 Zenlol Place,Sibonocen
Cecilia Caldwell,fevin@ho.cw,password,1920 Lidfel Road,Nesrunbim
Jason Mann,siv@irazus.gs,password,399 Peba Loop,Zegooko
Arthur Collins,ti@kem.tr,password,488 Voazi Manor,Apiikerid
Allie Brooks,jafla@mon.ph,password,1702 Soco Grove,Lawolcav
Trevor Franklin,wuh@kinnoh.ge,password,1717 Litel Lane,Posenfuw
Rosalie Henry,ilumud@tim.nl,password,1363 Soti Square,Befuum
Jay Terry,ohe@gedrusi.zw,password,503 Toof Loop,Fogmuchet
Ray Weaver,luhceh@ofu.mc,password,117 Uslo Junction,Panimu
Caroline Lee,kocwu@ka.tf,password,1719 Jugli Road,Woagcuw
Howard Copeland,eju@ahirime.je,password,1237 Ujlo Center,Mofato
Pauline Lowe,do@udpif.hu,password,782 Lubgis Pike,Sohinu
Brian Burgess,womin@nimpu.lc,password,1095 Gojan River,Repmeise
Irene Jenkins,facme@ihuto.sy,password,1008 Jiuha Pass,Pomzucve
Maude Rios,talij@si.bg,password,1842 Zojo Junction,Gawajuli
Mark Jensen,pobjegci@hen.fr,password,492 Geomi Drive,Jemewrab
Alma Davis,ceum@ci.sl,password,1550 Urumo Extension,Migfuwak
Harvey Elliott,rigfujov@ozeev.uy,password,1209 Betic Avenue,Veceoh
Lucille Walters,suldemohi@woula.my,password,1116 Mikleh Glen,Jujhozhu
Joe Bowers,girobpi@rarubo.jp,password,1070 Isifah Square,Wagibvic
Rodney Guerrero,idaboda@omdah.cu,password,1941 Buvup Court,Kuddaja
Estella Brewer,esovoz@oj.au,password,1845 Sogun Extension,Seheriv
Florence Young,cak@me.me,password,108 Megdek Pike,Akigulow
Hester Kim,pehwip@wow.tj,password,1396 Sopbu Turnpike,Gaferinu
Samuel Rowe,jenob@seselib.ni,password,753 Casa Road,Movadmo
Winnie Gray,reipiha@keciwuf.ax,password,1896 Remmuh Turnpike,Verjelhaw
Janie Owen,citpitja@egi.ca,password,201 Pavjoj Lane,Vuozhih
Hester Sanders,ajugalfoh@sukge.sc,password,1464 Fenob Avenue,Jelineaba
David Nelson,se@bah.ar,password,345 Fampa Key,Ujafisaj
Floyd Hicks,edomubo@gu.mp,password,1976 Lawsu Plaza,Henettu
Effie Watson,eticoj@huzwafa.bt,password,1993 Ramaw Glen,Futbumsa
Matilda Wong,uri@ka.gd,password,1974 Miav Path,Gifkahe
Agnes Roberson,atwul@muc.tl,password,1595 Honru Terrace,Goperned
Adam Hawkins,ufa@duddad.md,password,1940 Furol Ridge,Anicece
Elmer Weaver,gas@lihafne.be,password,920 Topid River,Rowestu
Arthur Greene,ribefotu@wofpeval.cc,password,1119 Kuguv View,Sigkita
Cecilia Sims,vaf@fej.cf,password,1788 Naha Center,Etoivina
Tommy Hines,vucubon@vutos.vu,password,570 Puni Street,Imfazet
Delia Black,sazora@duwa.us,password,554 Jole Trail,Dudosrem
Marion Fox,zibmiov@begziwkim.fo,password,1253 Bizori Way,Sipgugi
Eliza Alvarez,tagfu@cehgafun.uz,password,1313 Ujuiju Ridge,Dilemajo
John Lyons,ladwiv@devgi.nf,password,1024 Feuh Highway,Ragwagut
Mabelle Martin,jakel@go.sg,password,352 Lirif Pike,Begwopdiw
Lucile West,onukav@fikap.al,password,1172 Karlot Glen,Osemse
